source_id,subject,deck,deck_number,slide_number,category,title,text,source_pdf
HDT-01-S01,Hadith,Hadith-01,1,1,note,HADITH,"HADITH
‫حديث‬",Hadith 1.pdf 3.pdf
HDT-01-S02,Hadith,Hadith-01,1,2,source_note,Learning objectives,"Learning objectives
Understanding Wahi Ghair Matluw (‫)وحي غير متلو‬
The need for Hadith
What is a Hadith (‫?)حديث‬
The different methodologies for preserving Hadith",Hadith 1.pdf 3.pdf
HDT-01-S03,Hadith,Hadith-01,1,3,note,Why is Divine Guidance,"Why is Divine Guidance
necessary?",Hadith 1.pdf 3.pdf
HDT-01-S04,Hadith,Hadith-01,1,4,source_note,Wahi (Divine Revelation),"Wahi (Divine Revelation)
“Matluw” is that which “Ghair Matluw” means
is recited that which is not
recited
Quran Hadith",Hadith 1.pdf 3.pdf
HDT-01-S05,Hadith,Hadith-01,1,5,note,‫ِه‬ ‫ٱلَّل َع َل ى ٱۡل ۡؤ ِم ِنی ِإ ۡذ َث ِفی‬ ‫َق‬ ‫َل‬‫‫‬,"‫ِه‬ ‫ٱلَّل َع َل ى ٱۡل ۡؤ ِم ِنی ِإ ۡذ َث ِفی‬ ‫َق‬ ‫َل‬‫‫‬
‫ۡم‬ ‫َن َبَع‬ ‫ُم‬ ‫ۡد َم َّن ُه‬
‫واࣰل ِّم َأ نُف ِس ِه َیۡتُل و۟ا َع َل ِه اَیٰـِتِهۦ‬
‫ۡی ۡم َء‬ ‫ۡم‬ ‫ۡن‬ ‫َر ُس‬
‫َو ُیَز ِّكیِه ۡم َو ُیَع ِّل ُم ُه ُم ٱۡلِك َتٰـَب َو ٱۡلِح ۡك َم َة َو ِإ ن اَك ُن ۟او‬
‬﴾ ١٦٤ ﴿ ‫ِم َق ۡبُل َلِف ی َض َل ٰـࣲل ُّم ِبیٍن‬
‫ن‬
Indeed, Allah has done the believers a ˹great˺ favour by raising a messenger from among them—
reciting to them His revelations, purifying them, and teaching them the Book and wisdom. For indeed
they had previously been clearly astray. (3 - 164)",Hadith 1.pdf 3.pdf
HDT-01-S06,Hadith,Hadith-01,1,6,note,‫َّل‬ ‫ِط‬,"‫َّل‬ ‫ِط‬
﴾ ‫ُی ِع ٱلَّر ُس وَل َف َق ۡد َأ َط اَع ٱل َه‬ ‫‬َّم‫‬
‫ن‬
Whoever obeys the messenger has truly obeyed Allah
(4 - 80)",Hadith 1.pdf 3.pdf
HDT-01-S07,Hadith,Hadith-01,1,7,note,‫َل‬ ‫ِل‬ ‫اَّل‬ ‫ِإ‬ ‫آ‬ ‫َل‬ ‫َع‬ ‫َت‬ ‫ُك‬ ‫ى‬ ‫ِت‬ ‫َّل‬‫ٱ‬ ‫َة‬ ‫َل‬ ‫ِق‬ ‫ْل‬‫ٱ‬ ‫ا‬ ‫ْل‬ ‫ا‬,"‫َل‬ ‫ِل‬ ‫اَّل‬ ‫ِإ‬ ‫آ‬ ‫َل‬ ‫َع‬ ‫َت‬ ‫ُك‬ ‫ى‬ ‫ِت‬ ‫َّل‬‫ٱ‬ ‫َة‬ ‫َل‬ ‫ِق‬ ‫ْل‬‫ٱ‬ ‫ا‬ ‫ْل‬ ‫ا‬
‫َم‬ ‫ْع‬ ‫َن‬ ‫َه‬ ‫ْي‬ ‫ن‬ ‫َو َم َج َع َن ْب‬
‫ِه‬ ‫ِق‬ ‫ِل‬
ۚ ‫َم َيَّتِبُع ٱلَّر ُس وَل َّم َينَق ُب َع َل َع َبْي‬ ‫ِم‬
‫ٰى‬ ‫ن‬ ‫ن‬
We assigned your former direction of prayer only to distinguish those
who would remain faithful to the Messenger from those who would lose
faith. (1 - 143)",Hadith 1.pdf 3.pdf
HDT-01-S08,Hadith,Hadith-01,1,8,note,Hadith,"Hadith
The Prophet (SAW)’s
sayings, actions and
tacit approvals",Hadith 1.pdf 3.pdf
HDT-01-S09,Hadith,Hadith-01,1,9,note,Memorization,"Memorization
The methods of Practice
preservation Documentation",Hadith 1.pdf 3.pdf
HDT-01-S10,Hadith,Hadith-01,1,10,source_note,Questions,"Questions
What is Wahi Ghair Matluw
Define Hadith
How were the Hadith preserved?",Hadith 1.pdf 3.pdf
HDT-02-S01,Hadith,Hadith-02,2,1,hadith_text,HADITH 2,"HADITH 2
‫حديث‬",Hadith 2.pdf 2.pdf
HDT-02-S02,Hadith,Hadith-02,2,2,source_note,Learning objectives,"Learning objectives
Isnaad/Sanad
Matn
Classification of Hadith",Hadith 2.pdf 2.pdf
HDT-02-S03,Hadith,Hadith-02,2,3,source_note,aad/San,"aad/San
n a
Is d
Hadith
Matn",Hadith 2.pdf 2.pdf
HDT-02-S04,Hadith,Hadith-02,2,4,source_note,Isnaad/Sanad (Unbroken Chain),"Isnaad/Sanad (Unbroken Chain)
It is a chain of narrators who transmit a hadith from the
prophet all the way to the muhaddith who recorded it",Hadith 2.pdf 2.pdf
HDT-02-S05,Hadith,Hadith-02,2,5,source_note,Matn,"Matn
The main text of the hadith",Hadith 2.pdf 2.pdf
HDT-02-S06,Hadith,Hadith-02,2,6,note,‫‪Example‬‬,"‫‪Example‬‬
‫ق ال أحمد ب حنبل ف ي مسنده (ح‪:)5862‬‬
‫حدثنا محمد ب إ دريس الش اف عي ‪ ،‬أخ برنا‬ ‫ن‬
‫مالك‪ ،‬ع ناف ع‪ ،‬ع اب عمر‪ ،‬أن رسول الله‬ ‫ن‬
‫ن‬ ‫ن‬ ‫ن‬
‫َق اَل ‪( :‬اَل َيِبيُع َبْع ُض ُك ْم َع َل ى َبْيِع َبْع ٍض )‪.‬‬",Hadith 2.pdf 2.pdf
HDT-02-S07,Hadith,Hadith-02,2,7,source_note,Grave warning on misquoting or lying about the,"Grave warning on misquoting or lying about the
Hadith of the Prophet (SAW)
The Prophet (SAW) said, “Whoever tells a lie about me intentionally, then let
him take his seat in the fire.” (Al Tirmidhi)
The Prophet (SAW) said, “Ascribing false things to me is not like
ascribing false things to anyone else. Whosoever tells a lie against me
intentionally then surely let him occupy his seat in Hellfire.”
(Al Bukhari)",Hadith 2.pdf 2.pdf
HDT-02-S08,Hadith,Hadith-02,2,8,note,‫ ف لوال اإل سناد لق ال م ش اء ما ش اء‬. ‫اإل سناد م الدي‬,"‫ ف لوال اإل سناد لق ال م ش اء ما ش اء‬. ‫اإل سناد م الدي‬
‫ن‬ ‫ن‬ ‫ن‬
ʿAbdullah ibn al-Mubārak said, “Isnād is an intrinsic part of this
religion. If it was not for the isnād then anyone could have said
whatever they wanted to say.”",Hadith 2.pdf 2.pdf
HDT-02-S09,Hadith,Hadith-02,2,9,note,Classification of Hadith,"Classification of Hadith
Sahih
Hasan
Daeef",Hadith 2.pdf 2.pdf
HDT-02-S10,Hadith,Hadith-02,2,10,source_note,Sahih,"Sahih
Continuity of the Chain of Narrators
Uprightness of the narrators
Accuracy in memory and relaying of the Hadith
Non-contradictory
Absence of defects",Hadith 2.pdf 2.pdf
HDT-02-S11,Hadith,Hadith-02,2,11,source_note,Hasan,"Hasan
Continuity of the Chain of Narrators
Uprightness of the narrators
Weakness in memory and relaying of the Hadith
Non-contradictory
Absence of defects",Hadith 2.pdf 2.pdf
HDT-02-S12,Hadith,Hadith-02,2,12,source_note,Daeef,"Daeef
A narration that does not meet the condition of a Sahih
Hadith or Hasan Hadith.",Hadith 2.pdf 2.pdf
HDT-02-S13,Hadith,Hadith-02,2,13,source_note,Questions,"Questions
Define Sanad/Isnaad
What is the importance of Sanad?
What is a Matn
Define the classifications of Hadith",Hadith 2.pdf 2.pdf
HDT-03-S01,Hadith,Hadith-03,3,1,hadith_text,HADITH 3,"HADITH 3
‫حديث‬",Hadith 3.pdf
HDT-03-S02,Hadith,Hadith-03,3,2,source_note,What is the Arba’een,"What is the Arba’een
Weak Hadith which explains the Fadeelah (virtue) of
memorizing 40 Ahadith
Compilation of 40 Ahadith
A concise and easy read for the masses
Many Ulama have compiled their own",Hadith 3.pdf
HDT-03-S03,Hadith,Hadith-03,3,3,preview,Preview of the Hadith,"Preview of the Hadith
Umar RA is the narrator of this hadith
Hadithul Mimbar
Many Muhaddithoon would begin their compilation of
Hadith books with this specific hadith",Hadith 3.pdf
HDT-03-S04,Hadith,Hadith-03,3,4,hadith_text,Hadith 1,"Hadith 1
‫ِا َّن ا اَاْل ْع اُل ِبالِّنَّياِت‬
‫َم‬ ‫َم‬
“Actions are only upon their intentions”",Hadith 3.pdf
HDT-03-S05,Hadith,Hadith-03,3,5,context,Core aspects and context,"Core aspects and context
The Prophet (SAW) is narrating this hadith after the
Hijrah
Muhajir Umm Qays
Both action and intention must be pure",Hadith 3.pdf
HDT-03-S06,Hadith,Hadith-03,3,6,explanation,Imam Ghazalis explanation of Niyyah,"Imam Ghazalis explanation of Niyyah
There is no Niyyah in acts of disobedience
Intention is needed in worship and righteous deeds
You can make multiple intentions for a single deed
A strong Niyyah can turn mubah actions into reward",Hadith 3.pdf
HDT-03-S07,Hadith,Hadith-03,3,7,assignment,Assignment,"Assignment
Memorize this Hadith",Hadith 3.pdf
HDT-04-S01,Hadith,Hadith-04,4,1,hadith_text,HADITH 25,"HADITH 25
‫﮵‬
‫ﺣﺪ ث‬",Hadith 4.pdf
HDT-04-S02,Hadith,Hadith-04,4,2,narrator,Narrator of this hadith,"Narrator of this hadith
‘Aishah RA",Hadith 4.pdf
HDT-04-S03,Hadith,Hadith-04,4,3,hadith_text,Hadith 28,"Hadith 28
‫َو اَل‬ ‫ا‬ ‫ََش‬ ‫ِح‬‫ا‬ ‫َف‬ ‫ِب‬ ‫َّن‬‫ال‬ ‫ِن‬ ‫ُك‬ ‫َل‬
‫ُّي‬ ‫َي‬ ‫ْم‬
ِ
‫ُﻣ ﮴َ َ﮲ ّﺤ ﮶َﺴا‬
“The Prophet was not vulgar, nor did he adopt obscene
habits.”",Hadith 4.pdf
HDT-04-S04,Hadith,Hadith-04,4,4,narrator,Narrator of this hadith,"Narrator of this hadith
‘Aishah RA",Hadith 4.pdf
HDT-04-S05,Hadith,Hadith-04,4,5,hadith_text,Hadith 29,"Hadith 29
‫ِز ِبال ِّيَئِة‬ ‫ِب‬ ‫َّن‬‫ال‬ ‫ِن‬ ‫ُك‬ ‫َل‬
‫ُّي َيْج ْي َّس‬ ‫ْم َي‬
‫ﺼ‬ ‫﮵‬ ‫و‬ ‫ﻮ‬ ‫ﻌ‬ ‫﮵‬ ‫ﮟ‬‫ﻜ‬ِ ‫ﻟ‬ ‫و‬ ‫ﺔ‬
‫َّ ّ َٔ َ َ ْ﮲ َ ْ ُ﮲ ْ َ َ ْ َ﮲ ُح‬ ِ ‫﮵‬ ‫اﻟﺴ‬
“The Prophet SAW would never avenge an evil with
another evil, rather, he would forgive and forget.”",Hadith 4.pdf
HDT-04-S06,Hadith,Hadith-04,4,6,narrator,Narrator of this hadith,"Narrator of this hadith
Jarir bin Abdillah RA",Hadith 4.pdf
HDT-04-S07,Hadith,Hadith-04,4,7,hadith_text,Hadith 30,"Hadith 30
َ‫اﻟﺮ ْ﮲ َﻖ ﮵ُ ْﺤﺮ ِم ا ْﻟ َ﮲ﺤ ْ﮵ﺮ ُ ّﳇُه‬
ِ ‫م‬
ِ ‫ﺮ‬ ‫ﺤ‬
ْ ُ ‫﮵‬ ‫ﮟ‬ ‫ﻣ‬
َ َ ّ َ ّ ‫َ ْ﮲‬
“Whoever is deprived of gentleness is deprived of all
goodness.”",Hadith 4.pdf
HDT-04-S08,Hadith,Hadith-04,4,8,assignment,Assignment,"Assignment
Memorize all three Hadith
Write the Hadith in Arabic with the english
translation
Write a brief summary of the Ahadith",Hadith 4.pdf
HDT-05-S01,Hadith,Hadith-05,5,1,hadith_text,HADITH 5,"HADITH 5
‫ي‬
‫حد ث‬",Hadith 5.pdf
HDT-05-S02,Hadith,Hadith-05,5,2,preview,Preview of the Hadith,"Preview of the Hadith
‘Irbaad ibn Saariyah is the narrator of this hadith
A few companions realized this maybe one of the final
advises they will recieve from the prophet saw
From the Muhajiroon and of the early muslims. Passed
away in Syria.",Hadith 5.pdf
HDT-05-S03,Hadith,Hadith-05,5,3,hadith_text,Hadith 2,"Hadith 2
‫ِت‬ ‫ِب‬
‫َع َل ْيُك ْم ُس ي‬
‫َّن‬
“Adhere to my Sunnah”",Hadith 5.pdf
HDT-05-S04,Hadith,Hadith-05,5,4,context,Core aspects and context,"Core aspects and context
This Hadith is being narrated towards the end of the
prophet saws life.
In every situation hold tightly to the Sunnah.
By holding onto the Sunnah, it will protect you.",Hadith 5.pdf
HDT-05-S05,Hadith,Hadith-05,5,5,note,Understanding Sunnah,"Understanding Sunnah
Literal meaning of Sunnah
What does the Sunnah mean from a broad perspective
Why is following Sunnah important
Living life according to the Sunnah",Hadith 5.pdf
HDT-05-S06,Hadith,Hadith-05,5,6,note,The difference between ita’ah and ittibaa’,"The difference between ita’ah and ittibaa’
Ita’ah is to obey a command
Ittibaa’ is to follow",Hadith 5.pdf
HDT-05-S07,Hadith,Hadith-05,5,7,hadith_text,Hadith 3,"Hadith 3
‫الل‬
‫َض ٌة‬ ‫ٍة‬‫دع‬ ‫ِب‬ ‫ُّلُك‬
“Every innovation is misguidance”",Hadith 5.pdf
HDT-05-S08,Hadith,Hadith-05,5,8,preview,Preview of the Hadith,"Preview of the Hadith
‘Irbaad ibn Saariyah is the narrator of this hadith
A few companions realized this maybe one of the final
advises they will recieve from the prophet saw
From the Muhajiroon and of the early muslims. Passed
away in Syria.",Hadith 5.pdf
HDT-05-S09,Hadith,Hadith-05,5,9,context,Core aspects and context,"Core aspects and context
The prophet saw is explaining to the companions that
you will see disputes and argumentations. During this
period hold onto my sunnah and don’t distort it with
innovations.",Hadith 5.pdf
HDT-05-S10,Hadith,Hadith-05,5,10,note,Understanding Bid’ah,"Understanding Bid’ah
2 types of bid’ah. Bidah Hasana and Bidah Sayyiah
Is every innovation bad?
How do you determine if something is bid’ah or not?
To avoid Bid’ah you must adhere to the sunnah and the
ways of the first 3 generations",Hadith 5.pdf
HDT-05-S11,Hadith,Hadith-05,5,11,note,Sunnah is the middle ground,"Sunnah is the middle ground
Bid’ah Following the Sunnah Conflicting the
Sunnah",Hadith 5.pdf
HDT-05-S12,Hadith,Hadith-05,5,12,assignment,Assignment,"Assignment
Memorize both Hadith",Hadith 5.pdf
HDT-06-S01,Hadith,Hadith-06,6,1,hadith_text,HADITH 6,"HADITH 6
‫ي‬
‫حد ث‬",Copy of Hadith 6 .pdf
HDT-06-S02,Hadith,Hadith-06,6,2,preview,Preview of the Hadith,"Preview of the Hadith
Abu Hurairah RA is the narrator of this hadith
Aqra’ Bin Haabis RA was a leader amongst the arabs in
Jaahiliyyah (period of ignorance). He came with Banu
Tamim to accept Islaam.",Copy of Hadith 6 .pdf
HDT-06-S03,Hadith,Hadith-06,6,3,source_note,Abu Hurairah RA,"Abu Hurairah RA
th
Accepted Islaam after the 7 year of Hijri
Narrated the most Hadith
Lived amongst the Ashaabus Suffa
Passed away in Madina 69 - 70 years after Hijri",Copy of Hadith 6 .pdf
HDT-06-S04,Hadith,Hadith-06,6,4,context,Core aspects and context,"Core aspects and context
It was unusual for the Arabs to express love as it was
deemed as a sign of softness
The prophet (saw) is teaching the Ummah that
expressing ones love is indeed a sign that Allah is
showing mercy to that individual",Copy of Hadith 6 .pdf
HDT-06-S05,Hadith,Hadith-06,6,5,hadith_text,Hadith 4,"Hadith 4
‫اَل‬ ،
‫َيْر َح ْم ُيْر َح ْم‬ ‫اَّل‬ ‫َم‬
‫ن‬
“Whosoever does not show mercy,
will not be shown mercy”.",Copy of Hadith 6 .pdf
HDT-06-S06,Hadith,Hadith-06,6,6,explanation,The meaning of Rahma,"The meaning of Rahma
To have softness and a tender feeling initially
The feeling then translates to action through
compassion and benevelonce",Copy of Hadith 6 .pdf
HDT-06-S07,Hadith,Hadith-06,6,7,assignment,Assignment,"Assignment
Memorize this Hadith",Copy of Hadith 6 .pdf
HDT-07-S01,Hadith,Hadith-07,7,1,hadith_text,HADITH 7,"HADITH 7
‫ي‬
‫حد ث‬",Hadith 7 .pdf
HDT-07-S02,Hadith,Hadith-07,7,2,note,Hudhaifa ibnul Yamaan,"Hudhaifa ibnul Yamaan
Known as the keeper of secrets. The Prophet SAW told
him names of the hypocrites and about impending
trials that will afflict the Ummah.
He passed away 40 days after the assassination of
Uthman RA
He would specifically ask the Prophet SAW about
adversitites",Hadith 7 .pdf
HDT-07-S03,Hadith,Hadith-07,7,3,preview,Preview of the Hadith,"Preview of the Hadith
Hudhaifah ibnul Yamaan RA is the narrator of this
hadith
There was a man who would go and give reports to the
Ameer (leader). One day he was passing by and
decided to sit in a gathering of Hudhaifah RA with
other Muslims.",Hadith 7 .pdf
HDT-07-S04,Hadith,Hadith-07,7,4,context,Core aspects and context,"Core aspects and context
“Backbiting is more severe than Zina”
Slandering is worse than backbiting
Islaam protects the honor of believers",Hadith 7 .pdf
HDT-07-S05,Hadith,Hadith-07,7,5,hadith_text,Hadith 5,"Hadith 5
‫ٌت‬‫ا‬ ‫َّت‬ ‫َق‬ ‫ْل‬‫ا‬ ‫َة‬ ‫َّن‬ ‫َج‬ ‫ْل‬ ‫َا‬ ‫ُل‬ ‫ُخ‬ ‫َيْد‬ ‫اَل‬
“The Slanderer will not enter
paradise”.",Hadith 7 .pdf
HDT-07-S06,Hadith,Hadith-07,7,6,note,The need to Slander,"The need to Slander
You have insecurities and low self-worth
You’re jealous of the person you slander
You attribute your own faults on to that person
Bonding with people through gossip",Hadith 7 .pdf
HDT-07-S07,Hadith,Hadith-07,7,7,note,The Cure,"The Cure
Remember it is the responsibility of every single
believer to protect the ‘izzah (Honor) of the Muslims
Developing Husn AlDhann
Seeking forgiveness from the person you wronged
Remember on the day of judgement you will be held
accountable",Hadith 7 .pdf
HDT-07-S08,Hadith,Hadith-07,7,8,assignment,Assignment,"Assignment
Memorize this Hadith",Hadith 7 .pdf
HDT-09-S01,Hadith,Hadith-09,9,1,hadith_text,HADITH 9,"HADITH 9
‫ي‬
‫حد ث‬",Hadith 9.pdf
HDT-09-S02,Hadith,Hadith-09,9,2,note,Jabir ibn Abdillah Al Ansari,"Jabir ibn Abdillah Al Ansari
He was the youngest companion present during the
second Bay’atul ‘Aqabah
He was considered a Mufti amongst the companions
From the group of companions who were present during
the second Bay’ah, he was the last to pass away.
He passed away approximately at the age of 94.",Hadith 9.pdf
HDT-09-S03,Hadith,Hadith-09,9,3,preview,Preview of the Hadith,"Preview of the Hadith
The messenger SAW is giving us a description of what the
consequence of oppression will be on the Day of
Judgment",Hadith 9.pdf
HDT-09-S04,Hadith,Hadith-09,9,4,hadith_text,Hadith 6,"Hadith 6
‫َا ْلِق ا ِة‬ ‫ا‬ ‫ُل‬ ‫ُظ‬ ‫ْل‬ ‫ُّظ‬‫ل‬ ‫َا‬
‫َي َم‬ ‫َم‬ ‫َيْو‬ ‫ٌت‬ ‫ُم َم‬
“Oppression will be darkness on
the Day of Judgement”.",Hadith 9.pdf
HDT-09-S05,Hadith,Hadith-09,9,5,note,‫?‪What is oppresion‬‬,"‫?‪What is oppresion‬‬
‫‪To place something where it does not belong‬‬
‫‪Oppression manifests in many ways‬‬
‫«يا عبادي‪ ،‬إني حَّرمُت الظلم عىل نفسي‪ ،‬وجعلُته بينكم محرًم ا‪ ،‬فال َتظالموا»‪،‬‬
‫وقال هللا تعاىل‪ِ{ :‬إَّن َهَّللا اَل َيْظ ِلُم الَّناَس َش ْي ًئا}‬",Hadith 9.pdf
HDT-09-S06,Hadith,Hadith-09,9,6,note,Different forms of Dhulm (oppression),"Different forms of Dhulm (oppression)
The worst form of oppression is shirk (associating partners
with Allah)
Oppressing yourself (persisting in sin, neglecting
obligations)
Oppressing others (physical, social, emotional, financial)",Hadith 9.pdf
HDT-09-S07,Hadith,Hadith-09,9,7,assignment,Assignment,"Assignment
Memorize this Hadith",Hadith 9.pdf
HDT-10-S01,Hadith,Hadith-10,10,1,hadith_text,HADITH 10,"HADITH 10
‫ي‬
‫حد ث‬",Hadith 10.pdf
HDT-10-S02,Hadith,Hadith-10,10,2,preview,Preview of the Hadith,"Preview of the Hadith
The messenger SAW is molding the attitude a believer
should have towards this world.",Hadith 10.pdf
HDT-10-S03,Hadith,Hadith-10,10,3,hadith_text,Hadith 7,"Hadith 7
‫ِف‬ ‫ِم‬ ‫ِس‬
‫َا لُّد ْنَيا ْج ُن اْلُم ْؤ ِن َو َج َّنُة اْلَاك ِر‬
“The world is a prison for a
believer and a paradise for the
disbeliever”.",Hadith 10.pdf
HDT-10-S04,Hadith,Hadith-10,10,4,note,Freedom vs Restriction,Freedom vs Restriction,Hadith 10.pdf
HDT-10-S05,Hadith,Hadith-10,10,5,assignment,Assignment,"Assignment
Memorize this Hadith",Hadith 10.pdf
HDT-11-S01,Hadith,Hadith-11,11,1,hadith_text,HADITH 11,"HADITH 11
‫ي‬
‫حد ث‬",Hadith 11.pdf
HDT-11-S02,Hadith,Hadith-11,11,2,note,Discussion point,"Discussion point
Have we lost the essence of Ramadan?
The hunger we experience is meant to aid us in abstaining
from sin, not just our diet.
We don’t anticipate the worship, rather we start preparing
for iftaar dawats, trying new recipes, and taraweeh
becomes a time where socializing is the primary objective.
Suhoor Fests and the marketization of Ramadan",Hadith 11.pdf
HDT-11-S03,Hadith,Hadith-11,11,3,hadith_text,Hadith 8,"Hadith 8
‫ا‬
‫َي ُم ُج َّنٌة‬ ‫ِّص‬‫ال‬
“Fasting is a shield”",Hadith 11.pdf
HDT-11-S04,Hadith,Hadith-11,11,4,note,The purpose of hunger and Fasting,"The purpose of hunger and Fasting
Fasting is a prescription, prescribed to us by our creator
Hunger builds self-restraint and disciplne
Hunger tames the nafs
Fasting teaches patience and delayed gratification
Fasting is a shield from sin and evil forces
The reward for fasting is unquantifiable",Hadith 11.pdf
HDT-11-S05,Hadith,Hadith-11,11,5,note,Make this Ramadan unforgettable,"Make this Ramadan unforgettable
Ramadan is a building block
Make a realistic schedule that you can follow
Start preparing from now
Attend Taraweeh every night and praying salah in congregation
Recite a portion of Quran daily (aim for a khatam)
Daily adhkaar
Aim to finish a book of Seerah during this month",Hadith 11.pdf
HDT-11-S06,Hadith,Hadith-11,11,6,assignment,Assignment,"Assignment
Memorize this Hadith",Hadith 11.pdf
HDT-12-S01,Hadith,Hadith-12,12,1,hadith_text,HADITH 12,"HADITH 12
‫﮵‬
‫ﺣﺪ ﺚ‬",Hadith 12 .pdf
HDT-12-S02,Hadith,Hadith-12,12,2,narrator,Narrator of this hadith,"Narrator of this hadith
From the ummahatul mumineen, Aisha bint abi bakr RA
She was a scholar in her own right, narrating over 2,000
Ahadith.
Senior comapnions would seek advice and fatawa from her",Hadith 12 .pdf
HDT-12-S03,Hadith,Hadith-12,12,3,hadith_text,Hadith 8,"Hadith 8
َ‫ َو ِٕان أ ﮴َ ّﻞ‬،‫ﺎل ِٕا َﻟﻰ اﻟ َّﻠ ِﻪ َأ ْد َو ُﻣ َﻬﺎ‬
ِ ‫ﻤ‬ ‫ﻋ‬
ْ ‫اﻻ‬
ٔ ْ ‫ﺐ‬ُ ‫ﺣ‬‫ا‬َ
ْ َ ّ َ
“The most beloved actions to
Allah are the ones consistently
done, even if a little.”",Hadith 12 .pdf
HDT-12-S04,Hadith,Hadith-12,12,4,note,Consistency over Intensity,"Consistency over Intensity
Consistency builds habits. Habits define who you really
are.
Consistency in deeds brings delayed gratification
Intense sessions of an action will bring instant gratification
and a false sense of accomplishment",Hadith 12 .pdf
HDT-12-S05,Hadith,Hadith-12,12,5,note,Build towards the best version of yourself,"Build towards the best version of yourself
Ramadan is the perfect example of this comparison
Majority of people do not maintain the good habits they’ve
built during this month
Being consistent",Hadith 12 .pdf
HDT-12-S06,Hadith,Hadith-12,12,6,note,Build towards the best version of yourself,"Build towards the best version of yourself
Are we satisfied with our current state?
Build towards achieving something this Ramadan
The opportunity to bring change to your habits,
perspective of life, and your imaan is now",Hadith 12 .pdf
HDT-12-S07,Hadith,Hadith-12,12,7,assignment,Assignment,"Assignment
Memorize this Hadith",Hadith 12 .pdf
HDT-13-S01,Hadith,Hadith-13,13,1,hadith_text,HADITH 13,"HADITH 13
‫ي‬
‫حد ث‬",Hadith 13 .pdf
HDT-13-S02,Hadith,Hadith-13,13,2,narrator,Narrator of this hadith,"Narrator of this hadith
Abdullah bin Masood
He was amongst the forerunners to islam. (Assabiqoonal
Awwaloon)
He was an Aalim amongst the companions
He partook in the battle of badr
He migrated during the 2 hijras",Hadith 13 .pdf
HDT-13-S03,Hadith,Hadith-13,13,3,hadith_text,Hadith 9,"Hadith 9
‫َل‬
‫َب ُه‬ ‫ْن‬ ‫َذ‬ ‫اَل‬ ‫َم‬ ‫َك‬ ‫ِب‬ ‫ْن‬ ‫َّذ‬‫ل‬‫ا‬ ‫ِم‬ ‫َا لَّتاِئ‬
‫ْن‬ ‫ن‬ ‫ُب‬
“The one who repents from sin, is
like the one who has no sin.”",Hadith 13 .pdf
HDT-13-S04,Hadith,Hadith-13,13,4,note,What is Tawbah?,"What is Tawbah?
Tawbah is to repent. Specifically repentance from major
sins.
Minor deeds can be forgiven via many deeds. Tawbah is
necessary to have your major sins forgiven.",Hadith 13 .pdf
HDT-13-S05,Hadith,Hadith-13,13,5,note,The conditions for a successful Tawbah,"The conditions for a successful Tawbah
Being sincere to Allah with your tawbah
To recognize that you have committed a grave sin
You must have a feeling of regret over the action committed
You must have a strong resolve that you will never return to this
action again",Hadith 13 .pdf
HDT-13-S06,Hadith,Hadith-13,13,6,assignment,Assignment,"Assignment
Memorize this Hadith",Hadith 13 .pdf
HDT-14-S01,Hadith,Hadith-14,14,1,hadith_text,HADITH 13,"HADITH 13
‫﮵‬
‫ﺣﺪ ث‬",Hadith 14 .pdf
HDT-14-S02,Hadith,Hadith-14,14,2,narrator,Narrator of this hadith,"Narrator of this hadith
Abu Hurairah RA",Hadith 14 .pdf
HDT-14-S03,Hadith,Hadith-14,14,3,hadith_text,Hadith 10,"Hadith 10
‫ِإ ْيَم انََا َأ ْح َس ُن ُه ْم ُخ ُل ق ََا‬ ‫َا ْك َم ُل َا ْلُم ْؤ ِم ِن‬
‫َن‬ ‫ْي‬
“The most perfect of believers is
the one with the best of manners.”",Hadith 14 .pdf
HDT-14-S04,Hadith,Hadith-14,14,4,note,Levels of Imaan,"Levels of Imaan
What is Imaan?
Imaan is intangible
A person can have deficiencies in their imaan",Hadith 14 .pdf
HDT-14-S05,Hadith,Hadith-14,14,5,note,Is being a good person sufficient for salvation?,Is being a good person sufficient for salvation?,Hadith 14 .pdf
HDT-14-S06,Hadith,Hadith-14,14,6,narrator,Narrator of this hadith,"Narrator of this hadith
Abu Malik Al Harith Al Ash’ari",Hadith 14 .pdf
HDT-14-S07,Hadith,Hadith-14,14,7,hadith_text,Hadith 11,"Hadith 11
‫َا ُّط ُه ْو ُر َش ْط ُر اِاْل ْيَم اِن‬
“Purification is half of faith.”",Hadith 14 .pdf
HDT-14-S08,Hadith,Hadith-14,14,8,note,True purification,"True purification
The objective is to achieve inner purification
Inner purification can only be achieved once the exterior is
clean and pure
Every act of worship is linked to being in a pure state",Hadith 14 .pdf
HDT-14-S09,Hadith,Hadith-14,14,9,note,Exterior purity will lead to inner purity,"Exterior purity will lead to inner purity
Knowing the rules of Taharah thoroughly
Being very cautious when using the bathroom
Many times our OCD comes from shaytaan.
When achieving purification, be diligent in your method and
avoid waswasa from Shaytaan",Hadith 14 .pdf
HDT-14-S10,Hadith,Hadith-14,14,10,assignment,Assignment,"Assignment
Memorize both Hadith",Hadith 14 .pdf
HDT-15-S01,Hadith,Hadith-15,15,1,hadith_text,HADITH 15,"HADITH 15
‫﮵‬
‫ﺣﺪ ث‬",Hadith 15.pdf
HDT-15-S02,Hadith,Hadith-15,15,2,narrator,Narrator of this hadith,"Narrator of this hadith
Abu Hurairah RA",Hadith 15.pdf
HDT-15-S03,Hadith,Hadith-15,15,3,hadith_text,Hadith 12,"Hadith 12
‫ُك‬ ‫اَل‬ ‫ال‬
‫ْو َّس َم َبْيَن ْم‬‫ا‬ ‫ُش‬ ‫ْف‬ ‫َا‬
“Spread Salaam amongst
yourselves.”",Hadith 15.pdf
HDT-15-S04,Hadith,Hadith-15,15,4,note,Why is saying salaam important,"Why is saying salaam important
Cultivating brotherhood/sisterhood
It is a dua you make for the person you meet
Giving Salaams to everyone is a way to remove pride from
ones heart",Hadith 15.pdf
HDT-15-S05,Hadith,Hadith-15,15,5,note,What are some points of reflection regarding this,"What are some points of reflection regarding this
incident?",Hadith 15.pdf
HDT-15-S06,Hadith,Hadith-15,15,6,narrator,Narrator of this hadith,"Narrator of this hadith
Jariyah bin Qudamah As Sa’di
He was well known to be of
assistance to Ali RA",Hadith 15.pdf
HDT-15-S07,Hadith,Hadith-15,15,7,hadith_text,Hadith 13,"Hadith 13
‫ْب‬ ‫َض‬ ‫َتْغ‬ ‫اَل‬
“Do not be angry.”",Hadith 15.pdf
HDT-15-S08,Hadith,Hadith-15,15,8,note,The dangers of anger,"The dangers of anger
It can lead a person to say or do something they will regret
It can lead you to making a decision which is oppressive
The remedy
Saying istiaadha
Changing your position
Make Wudhu",Hadith 15.pdf
HDT-15-S09,Hadith,Hadith-15,15,9,assignment,Assignment,"Assignment
Memorize both Hadith
Write the Hadith in Arabic with the english
translation
Write a brief summary of both Hadith",Hadith 15.pdf
HDT-16-S01,Hadith,Hadith-16,16,1,hadith_text,HADITH 16,"HADITH 16
‫﮵‬
‫ﺣﺪ ث‬",Hadith 16.pdf
HDT-16-S02,Hadith,Hadith-16,16,2,narrator,Narrator of this hadith,"Narrator of this hadith
Aishah RA",Hadith 16.pdf
HDT-16-S03,Hadith,Hadith-16,16,3,hadith_text,Hadith 14,"Hadith 14
‫ْف‬ ‫ال‬ ‫ِح‬ ‫ِف‬ ‫َّل‬‫ل‬
‫َّن َه َر ْيٌق ُي ُّب ِّر َق‬‫ا‬ ‫ِا‬
“Allah is gentle and loves the
quality of gentleness.”",Hadith 16.pdf
HDT-16-S04,Hadith,Hadith-16,16,4,note,Being gentle in every aspect of life,"Being gentle in every aspect of life
Gentleness is a trait that needs to be consciously applied
This quality is not only restricted to human beings but
should be applied in everything
The one who is deprived of rifq is deprived of all good",Hadith 16.pdf
HDT-16-S05,Hadith,Hadith-16,16,5,narrator,Narrator of this hadith,"Narrator of this hadith
Abu Hurairah RA",Hadith 16.pdf
HDT-16-S06,Hadith,Hadith-16,16,6,hadith_text,Hadith 15,"Hadith 15
‫َا لَّس ِع ُد َم ُو ِع َظ ِبَغ ِر ِه‬
‫ْي‬ ‫ْي ْن‬
“The fortunate one is the one who
takes advice from others.”",Hadith 16.pdf
HDT-16-S07,Hadith,Hadith-16,16,7,note,Learning from the experiences of others,"Learning from the experiences of others
We can learn from the experiences/life lessons of others
We may not be able to bear the same trials others go
through
If a persons heeds the advice he/she is given, they may be
able to avoid an outcome they may not have expected",Hadith 16.pdf
HDT-16-S08,Hadith,Hadith-16,16,8,assignment,Assignment,"Assignment
Memorize both Hadith
Write the Hadith in Arabic with the english
translation
Write a brief summary of both Hadith",Hadith 16.pdf
HDT-17-S01,Hadith,Hadith-17,17,1,hadith_text,HADITH 17,"HADITH 17
‫﮵‬
‫ﺣﺪ ث‬",Hadith 17.pdf
HDT-17-S02,Hadith,Hadith-17,17,2,narrator,Narrator of this hadith,"Narrator of this hadith
Nu’maan bin Bashir RA",Hadith 17.pdf
HDT-17-S03,Hadith,Hadith-17,17,3,hadith_text,Hadith 16,"Hadith 16
‫ا‬ ‫ِع‬
‫َا لُّد َع اُء ُه َو َا ْل َب َد ُة‬
“Dua is worship.”",Hadith 17.pdf
HDT-17-S04,Hadith,Hadith-17,17,4,note,What happens when a person makes dua?,"What happens when a person makes dua?
Not every dua is accepted
There are 3 outcomes when a person makes dua
The dua must be made sincerely
Your dua should not involve sin
Do not be hasty when making dua",Hadith 17.pdf
HDT-17-S05,Hadith,Hadith-17,17,5,note,Method of making Dua,"Method of making Dua
Cup your hands
Place them near your chest
Begin your dua with Salawaat
Begin your dua with praises of Allah
Before you make dua for yourself, make dua for your
parents and others
End your dua by sending salutations on rasulullah saw
Wipe over your face",Hadith 17.pdf
HDT-17-S06,Hadith,Hadith-17,17,6,assignment,Assignment,"Assignment
Memorize this Hadith
Write the Hadith in Arabic with the english
translation
Write a brief summary of the Hadith",Hadith 17.pdf
HDT-18-S01,Hadith,Hadith-18,18,1,hadith_text,HADITH 18,"HADITH 18
‫﮵‬
‫ﺣﺪ ث‬",Hadith 18.pdf
HDT-18-S02,Hadith,Hadith-18,18,2,narrator,Narrator of this hadith,"Narrator of this hadith
Abdullah bin ‘Amr",Hadith 18.pdf
HDT-18-S03,Hadith,Hadith-18,18,3,hadith_text,Hadith 17,"Hadith 17
‫ﻌ‬ َ َ
‫َ ﮴ ﮲ّ َ ُه‬‫و‬ ،‫ﺎ‬ َ ‫﮲‬ ‫ﺎ‬ َ ‫﮲‬ ‫ﻛ‬
َ ‫ق‬ َ ‫ز‬
ِ ‫ر‬ ‫و‬َ ‫ﻢ‬
ُ َ ْ ْ‫﮲‬‫ﻠ‬َ ‫ﺳ‬ ‫ا‬ َ ‫ﮟ‬‫ﻣ‬َ ‫ﺢ‬
َ ‫ﻠ‬
َ ْ ‫﮲‬ ‫ا‬َ ‫ﺪ‬ْ َ ‫﮴‬
‫ا‬ ‫ٓا‬ ‫ا‬
‫ُه َم َت ُه‬ ‫ِب‬ ‫ّٰل‬‫ل‬ ‫َا‬
“Indeed that person is successful, who accepts Islam and
is provided sufficient sustenance, and whom Allah makes
content with what He has given him.”",Hadith 18.pdf
HDT-18-S04,Hadith,Hadith-18,18,4,note,What is Rizq (Sustenance)?,"What is Rizq (Sustenance)?
The meaning of Rizq is not only confined to sustenance
Rizq can reach a person in many ways; wealth, health,
blessings etc.
Although a persons Rizq has been written, how you
achieve it determines on the method you choose.
A persons Rizq has been determined but he/she still needs
to strive in achieving it",Hadith 18.pdf
HDT-18-S05,Hadith,Hadith-18,18,5,note,‫‪Achieving Rizq‬‬,"‫‪Achieving Rizq‬‬
‫اﻟﺴ ْ﮵ َﻄﺎن ﮵َ ِﻌ ُﺪ ُﻛ ُﻢ ا ْﻟ َ﮲ ﮴ْ َﺮ َو ﮵َ ْٔ ُﻣ ُﺮ ُﻛﻢ ِ﮳ﺎ ْﻟ َ﮲ ْﺤ ﮶َﺴ ِﺎء ۖ َواﻟ َّﻠ ُﻪ ﮵َ ِﻌ ُﺪ ُﻛﻢ‬ ‫َ‬ ‫ّ‬ ‫﮶‬
‫ُ‬
‫َّﻣ ْ﮲ﻌ ﮲ ِ َﺮ ًة ّ ِﻣ ْ﮲ ُﻪ َو َ﮲ ْ﮲ﺼ ًﻼ ۗ َواﻟ َّﻠ ُﻪ َو ِاﺳ ٌﻊ َﻋ ِﻠ ﮵ ٌﻢ‬
‫)‪(Surah Al-Baqarah, 2:268‬‬",Hadith 18.pdf
HDT-18-S06,Hadith,Hadith-18,18,6,note,‫‪Achieving Rizq‬‬,"‫‪Achieving Rizq‬‬
‫﮵‬ ‫ِ‬ ‫ِ‬ ‫ِ‬
‫َﻟ ْﻮ َأ َّ﮲ ُﻜ ْﻢ ُﻛ ْ﮲ ُ﮴ ْﻢ ﮴َ َﻮ َّ ُﳇﻮن َﻋ َﻠﻰ اﻟ ّﻠَ ﻪ َﺣ َّﻖ ﮴َ َﻮ ُّﳇﻪ َﻟ ُﺮ ِز ﮴ْ ُ﮴ ْﻢ َﻛ َﻤﺎ ُ ْﺮ َز ُق‬
‫َ‬
‫وح ِ﮳ َﻄﺎ ً﮲ﺎ‬‫ﺮ‬ ‫و‬ ‫ﺎ‬‫ﺎﺻ‬‫ﻤ‬ ‫ﺣ‬‫ِ‬ ‫و‬ ‫ﺪ‬ ‫ﻌ‬ ‫ﺮ‬ ‫﮵‬ ‫اﻟﻄ‬
‫َّ ْ ُ ﮴َ ْ ﮲ ُ ﮲ َ ً َ ﮴َ ُ ُ‬",Hadith 18.pdf
HDT-18-S07,Hadith,Hadith-18,18,7,note,‫‪Achieving Rizq‬‬,"‫‪Achieving Rizq‬‬
‫ٱﻟﺴ َﻤ ٓ َء َﻋ َﻠ ْ﮵ ُﻜﻢ‬
‫َّ‬ ‫ﻞ‬ ‫ِ‬ ‫ﺳ‬ ‫ِ‬ ‫ﺮ‬ ‫﮵‬ ‫ا‪.‬‬‫ﺎر‬ ‫َ‬ ‫ّ‬ ‫ﻋ‬
‫﮲‬ ‫َ‬ ‫ن‬ ‫َ‬ ‫ۥ‬‫ﻪ‬‫َ‬ ‫ّ‬ ‫ٕ‬
‫ا‬ ‫ِ‬ ‫ﻢ‬
‫﮴ ُ ْ ﮴َ ﮲ ﮲ ُ َ ّ ْ ﮲ ُ َ ﮲ ً ُ ْ‬‫ﻜ‬‫ُ‬ ‫َ‬ ‫﮳‬ ‫ر‬ ‫ا‬‫۟‬ ‫و‬‫ﺮ‬ ‫ِ‬ ‫ﻌ‬
‫ْ‬ ‫ٱﺳ‬ ‫ﺖ‬ ‫ﻠ‬
‫ْ‬ ‫ُ‬ ‫﮲‬ ‫َ‬
‫ّ ِﻣ ْﺪ َر ًارا‪َ .‬و ﮵ُ ْﻤ ِﺪ ْد ُﻛﻢ ِ﮳ َٔ ْﻣ َٰﻮ ٍل َو ﮳َ ﮲ِ ﮵ﮟ َو ﮵َ ْ﮳ﺤ َﻌﻞ َّﻟ ُﻜ ْﻢ ﮳َﺣ َّ﮲ـ ٍٰﺖ َو ﮵َ ْ﮳ﺤ َﻌﻞ‬
‫َ﮲‬
‫َّﻟ ُﻜ ْﻢ َأ ْ﮲ َﻬـ ًٰﺮا‬
‫)‪(Surah Nuh, 71:10–12‬‬",Hadith 18.pdf
HDT-18-S08,Hadith,Hadith-18,18,8,assignment,Assignment,"Assignment
Memorize this Hadith
Write the Hadith in Arabic with the english
translation
Write a brief summary of the Hadith",Hadith 18.pdf
HDT-19-S01,Hadith,Hadith-19,19,1,hadith_text,HADITH 19,"HADITH 19
‫﮵‬
‫ﺣﺪ ث‬",Hadith 19 .pdf
HDT-19-S02,Hadith,Hadith-19,19,2,narrator,Narrator of this hadith,"Narrator of this hadith
Abdullah bin Abbas RA",Hadith 19 .pdf
HDT-19-S03,Hadith,Hadith-19,19,3,hadith_text,Hadith 18,"Hadith 18
، ‫الَّناَس‬ ‫ِم‬ ‫ِنْع َم َتاِن َم ْغ ْو ِف ِه َم ا َك ِث‬
‫ْيٌر َن‬ ‫ُب ٌن ْي‬
ِّ
‫اﻟﺼ َﺤ ُﺔ و ا ْﻟ ﮲َ َﺮ ِغا‬
“Many are decieved regarding two favors; good health and
free time.”",Hadith 19 .pdf
HDT-19-S04,Hadith,Hadith-19,19,4,note,The race against time and health,"The race against time and health
A race with an unknown finish line
Imagine time being the track you are running on and
health being your ability to run
A strong and healthy body without iman is wasted. A sick
and deprived body with iman struggles.",Hadith 19 .pdf
HDT-19-S05,Hadith,Hadith-19,19,5,note,The trade off,"The trade off
Your life is being exchanged for time
And with time, your health is deteriorating
How to become successful in this trade
Understand the value of what you are exchaning",Hadith 19 .pdf
HDT-19-S06,Hadith,Hadith-19,19,6,note,‫َوٱ ۡﻟ َﻌ ۡﺼ ِﺮ﴿ ‪ِٕ ﴾ ١‬ا َن ۡ ِٕٱﻻ ﮲ َﺴـٰﮟ َﻟ ﮲ ِ ﻰ ُ﮲ﺣ ۡﺴ ٍﺮ﴿ ‪ِٕ ﴾ ٢‬ا َّﻻ ٱ ّﻟَ ِﺬ ﮵ﮟ‬,"‫َوٱ ۡﻟ َﻌ ۡﺼ ِﺮ﴿ ‪ِٕ ﴾ ١‬ا َن ۡ ِٕٱﻻ ﮲ َﺴـٰﮟ َﻟ ﮲ ِ ﻰ ُ﮲ﺣ ۡﺴ ٍﺮ﴿ ‪ِٕ ﴾ ٢‬ا َّﻻ ٱ ّﻟَ ِﺬ ﮵ﮟ‬
‫َ﮲‬ ‫َ﮲‬ ‫ّ‬
‫ٱﻟﺼـٰ ِﻠ َﺤـ ِٰﺖ َو ﮴َ َﻮ َاﺻ ۡﻮ ۟ا ِ﮳ ۡﻟ َﺤ ّ ِﻖ َو ﮴َ َﻮ َاﺻ ۡﻮ ۟ا‬ ‫ِ‬
‫َء َاﻣ ُ﮲ﻮ ۟ا َو َﻋ ُ ۟ َّ‬
‫ا‬‫ﻮ‬‫ﻠ‬‫ﻤ‬
‫ِ﮳ َّﻟﺼ ۡ﮳ ِﺮ﴿ ‪﴾ ٣‬‬
‫)‪(Suratul Asr‬‬",Hadith 19 .pdf
HDT-19-S07,Hadith,Hadith-19,19,7,note,‫ﻒ ُ﮶ َّﻢ ﮳َﺣ َﻌ َﻞ ِﻣﮟ ﮳َ ۡﻌ ِﺪ‬ ‫۞ ٱﻟ َّﻠ ُﻪ ٱ َّﻟ ِﺬی َ﮲ﺣ َﻠ ﮴َ ُﻜﻢ ِﻣﮟ ُ﮲ﺻﻌ ࣲ‬,"‫ﻒ ُ﮶ َّﻢ ﮳َﺣ َﻌ َﻞ ِﻣﮟ ﮳َ ۡﻌ ِﺪ‬ ‫۞ ٱﻟ َّﻠ ُﻪ ٱ َّﻟ ِﺬی َ﮲ﺣ َﻠ ﮴َ ُﻜﻢ ِﻣﮟ ُ﮲ﺻﻌ ࣲ‬
‫ۡ‬ ‫ّ‬
‫ۢ﮲‬ ‫﮲‬
‫ﻒ ُ﮴ َّﻮ ࣰة ُ﮶ َّﻢ ﮳َﺣ َﻌ َﻞ ِﻣﮟ ﮳َ ۡﻌ ِﺪ ُ﮴ َّﻮ ࣲة ُ﮲ﺻ ۡﻌ ﮲ࣰ ﺎ َو ﮶َﺳ ۡ﮵ َ﮳ ࣰﺔۚ‬ ‫ُ﮲ﺻﻌ ࣲ‬
‫ۡ‬
‫ۢ﮲‬
‫﮵َ ۡ﮲ﺤ ُﻠ ُﻖ َﻣﺎ ﮵َ ﮶َﺴ ۤﺎ ُۚء َو ُﻫ َﻮ ٱ ۡﻟ َﻌ ِﻠ ﮵ ُﻢ ٱ ۡﻟ ﮴َ ِﺪ ﮵ ُﺮ﴿ ‪﴾ ٥٤‬‬
‫‪Ar-Rūm, Ayah 54‬‬",Hadith 19 .pdf
HDT-19-S08,Hadith,Hadith-19,19,8,note,‫﮵‬ ‫ِ‬ ‫ٍ‬ ‫ٕ‬ ‫﮵‬ ‫َ‬,"‫﮵‬ ‫ِ‬ ‫ٍ‬ ‫ٕ‬ ‫﮵‬ ‫َ‬
‫۞ ُ﮶ َّﻢ َﻟ ُ﮴ ۡﺴـٔ ُﻠ َﮟ َ ۡﻮ َﻣﯩِﺬ َﻋ ِﮟ ٱﻟ َّ﮲ﻌ ِﻢ﴿ ‪﴾ ٨‬‬
‫﮲‬ ‫ّ﮲‬
‫‪At-Takāthur, Ayah 8‬‬",Hadith 19 .pdf
HDT-19-S09,Hadith,Hadith-19,19,9,assignment,Assignment,"Assignment
Memorize this Hadith
Write the Hadith in Arabic with the english
translation
Write a brief summary of the Hadith",Hadith 19 .pdf
HDT-20-S01,Hadith,Hadith-20,20,1,hadith_text,HADITH 20,"HADITH 20
‫﮵‬
‫ﺣﺪ ث‬",Hadith 20 .pdf
HDT-20-S02,Hadith,Hadith-20,20,2,narrator,Narrator of this hadith,"Narrator of this hadith
Abdullah bin Amr RA",Hadith 20 .pdf
HDT-20-S03,Hadith,Hadith-20,20,3,hadith_text,Hadith 19,"Hadith 19
‫ِرَض ى الَّر ِّب ِف ِرَض ى ال اِلِد َو َخ ُط الَّر ِّب ِف‬
‫ْي‬ ‫َس‬ ‫َو‬ ‫ْي‬
‫ﺳ َ﮲ﺤ ِﻂ ا ْﻟﻮاﻟِِد‬
َ َ
“The happiness of Allah lies in the happiness of the
parents and the displeasure of Allah lies in the displeasure
of the parents.”",Hadith 20 .pdf
HDT-20-S04,Hadith,Hadith-20,20,4,note,The rights of parents,"The rights of parents
Immediately after the worship of Allah, dealing with your
parents with ihsaan (excellence) is mentioned.
What does ihsaan mean? And what is the definition in this
context?",Hadith 20 .pdf
HDT-20-S05,Hadith,Hadith-20,20,5,note,‫۞ َو ﮴َ َ﮲ﺼﻰ َر ﮳ُّ َﻚ أ ََّﻻ ﮴َ ۡﻌ ُ﮳ ُﺪ ۤو ۟ا ِٕا َّ ۤﻻ ِٕا ﮵َّ ُﺎه َو ِ﮳ ۡﻟ َﻮ ٰ ِﻟ َﺪ ﮵ۡ ِﮟ‬,"‫۞ َو ﮴َ َ﮲ﺼﻰ َر ﮳ُّ َﻚ أ ََّﻻ ﮴َ ۡﻌ ُ﮳ ُﺪ ۤو ۟ا ِٕا َّ ۤﻻ ِٕا ﮵َّ ُﺎه َو ِ﮳ ۡﻟ َﻮ ٰ ِﻟ َﺪ ﮵ۡ ِﮟ‬
‫﮲‬ ‫ٰ‬
‫ِٕا ۡﺣ َﺴـٰ ً﮲ ۚﺎ ِٕا َّﻣﺎ ﮵َ ۡ﮳ ُﻠ َ﮲ﻌ َﮟ ِﻋ ﮲ َﺪ َك ٱ ۡﻟ ِﻜ َ﮳ َﺮ أ ََﺣ ُﺪ ُﻫ َﻤ ۤﺎ أ َۡو ِ َ ُﻫ َﻤﺎ‬
‫ّ﮲‬
‫ُف َو َﻻ ﮴َ ۡ﮲ َﻬ ۡﺮ ُﻫ َﻤﺎ َو ُ﮴ ﻞ َّﻟ ُﻬ َﻤﺎ ﮴َ ۡﻮ ࣰﻻ‬ ‫َ﮲ َﻼ َ ُ﮴ ﻞ َّﻟﻬﻤ ۤﺎ أ ّ ࣲ‬
‫ُ َ‬ ‫﮴‬
‫َﻛ ِﺮ ﮵ ࣰﻤﺎ﴿ ‪﴾ ٢٣‬‬
‫‪Al-Isrāʾ, Ayah 23‬‬",Hadith 20 .pdf
HDT-20-S06,Hadith,Hadith-20,20,6,note,‫ٱﻟﺮ ۡﺣ َﻤ ِﺔ َو ُ﮴ ﻞ َّر ّبِ‬ ‫ﮟ‬,"‫ٱﻟﺮ ۡﺣ َﻤ ِﺔ َو ُ﮴ ﻞ َّر ّبِ‬ ‫ﮟ‬
‫َ ﮲ َّ‬
‫ٱﺣ ﮲ ِ ۡﺾ َﻟﻬﻤﺎ ﮳ﺣ ﺎح ٱﻟﺬُّ ّ ِل ِ‬
‫ﻣ‬ ‫ُ َ َ َ﮲ َ‬ ‫ۡ‬
‫َ ﮲‬‫و‬
‫ۡٱر َﺣ ۡﻤ ُﻬ َﻤﺎ َﻛ َﻤﺎ َر ﮳َّ َ﮵ﺎ ِ﮲ﻰ َﺻ ﮲ِﻌ ﮵ ࣰﺮا﴿ ‪﴾ ٢٤‬‬
‫‪Al-Isrāʾ, Ayah 24‬‬",Hadith 20 .pdf
HDT-20-S07,Hadith,Hadith-20,20,7,assignment,Assignment,"Assignment
Memorize this Hadith
Write the Hadith in Arabic with the english
translation
Write a brief summary of the Hadith",Hadith 20 .pdf
HDT-21-S01,Hadith,Hadith-21,21,1,hadith_text,HADITH 21,"HADITH 21
‫﮵‬
‫ﺣﺪ ث‬",Hadith 21.pdf
HDT-21-S02,Hadith,Hadith-21,21,2,narrator,Narrator of this hadith,"Narrator of this hadith
Sahl Ibn Handhaliyyah RA",Hadith 21.pdf
HDT-21-S03,Hadith,Hadith-21,21,3,hadith_text,Hadith 20,"Hadith 20
‫ِا َّ ُ ﻮ اﻟﻠّٰ ﻪ ﮲ ِ ﮵ﻰ ﻫ ِﺬ ِه ا ْﻟ ﮳ﻬﺎ ِ ِﻢ ا ْﻟﻤﻌ ﮳ﺤﻤِة‬
َ َ ْ ُ ٔ ََ َ ْ َ ْ ‫﮴﮴‬
“Fear Allah in regard to these animals that cannot speak.”",Hadith 21.pdf
HDT-21-S04,Hadith,Hadith-21,21,4,note,Treating animals with ihsaan,"Treating animals with ihsaan
A person must be conscious of Allah in all aspects of life.
Allah SWT has made animals subservient to human beings.
That does not give us the license to be abusive.
The prophet SAW rendered many warnings against those
who show cruelty against animals. Even in acts such as
slaughter, we are to show up most care and efficiency.",Hadith 21.pdf
HDT-21-S05,Hadith,Hadith-21,21,5,note,Treating animals with ihsaan (continued),"Treating animals with ihsaan (continued)
The sunnah method of slaughter
2 incidents narrated by the prophet SAW in regards to the
good treatment and mistreatment of animals.",Hadith 21.pdf
HDT-21-S06,Hadith,Hadith-21,21,6,assignment,Assignment,"Assignment
Memorize this Hadith
Write the Hadith in Arabic with the english
translation
Write a brief summary of the Hadith",Hadith 21.pdf
HDT-22-S01,Hadith,Hadith-22,22,1,hadith_text,HADITH 22,"HADITH 22
‫﮵‬
‫ﺣﺪ ث‬",Hadith 22.pdf
HDT-22-S02,Hadith,Hadith-22,22,2,narrator,Narrator of this hadith,"Narrator of this hadith
Abu Hurairah RA",Hadith 22.pdf
HDT-22-S03,Hadith,Hadith-22,22,3,hadith_text,Hadith 21,"Hadith 21
‫﮵‬ ِ ِ ‫﮳‬ ‫﮵‬
‫َا ْﻟ َﺤ َ ُﺎء ُ﮶ﺳ ْﻌ َ ٌﺔ ﻣﮟ ْاﻻ ْ َﻤﺎِن‬
َ‫﮲‬
“Modesty is a branch of faith.”",Hadith 22.pdf
HDT-22-S04,Hadith,Hadith-22,22,4,narrator,Narrator of this hadith,"Narrator of this hadith
Abdullah bin Mas’ood RA",Hadith 22.pdf
HDT-22-S05,Hadith,Hadith-22,22,5,hadith_text,Hadith 22,"Hadith 22
‫ﺣ‬ ‫أ‬َ ‫ﮟ‬ ‫ﻣ‬ ‫ﻊ‬‫ﻣ‬ ‫ء‬ ‫ﺮ‬ ‫ﻤ‬
‫َ ْ ُ َ َ َ ْ﮲ َ َّب‬ ‫ﻟ‬
ْ ‫ا‬َ
“A person will be with whom he loves.”",Hadith 22.pdf
HDT-22-S06,Hadith,Hadith-22,22,6,assignment,Assignment,"Assignment
Memorize both Hadith
Write the Hadith in Arabic with the english
translation
Write a brief summary of the Hadith",Hadith 22.pdf
HDT-23-S01,Hadith,Hadith-23,23,1,hadith_text,HADITH 23,"HADITH 23
‫﮵‬
‫ﺣﺪ ث‬",Hadith 23 (1).pdf
HDT-23-S02,Hadith,Hadith-23,23,2,narrator,Narrator of this hadith,"Narrator of this hadith
Abdullah bin Haarith RA",Hadith 23 (1).pdf
HDT-23-S03,Hadith,Hadith-23,23,3,hadith_text,Hadith 23,"Hadith 23
ِ ِ
‫َﻣﺎ َ ن َ﮲ﺻﺤ ُﻚ َر ُﺳ ْﻮ ِل اﻟﻠّٰ ﻪ َﺻ ّﻠَ ﻰ‬
َ
‫﮳‬ ِ ِ ‫﮵‬
‫اﻟ ّٰﻠ ُﻪ َﻋ َﻠ ْﻪ َو َﺳ َّﻠ َﻢ ا َّﻻ ﮴َ َ ُّﺴ َﻤﺎ‬
“The laughter of the messenger SAW was nothing but a
smile.”",Hadith 23 (1).pdf
HDT-23-S04,Hadith,Hadith-23,23,4,narrator,Narrator of this hadith,"Narrator of this hadith
Abu Saeed Al-Khudri RA",Hadith 23 (1).pdf
HDT-23-S05,Hadith,Hadith-23,23,5,hadith_text,Hadith 24,"Hadith 24
‫﮵‬ ‫﮵‬
ّ‫َﻣ ْﮟ َﻟ ْﻢ َ ﮶ْﺴ ُﻜ ِﺮ اﻟ َّ﮲ َﺎس َﻟ ْﻢ َ ﮶ْﺴ ُﻜ ِﺮ اﻟﻠٰ َه‬
‫﮲‬
“One who is not grateful to people, is not grateful to
Allah.”",Hadith 23 (1).pdf
HDT-23-S06,Hadith,Hadith-23,23,6,narrator,Narrator of this hadith,"Narrator of this hadith
Abu Dhar Al-Ghifari",Hadith 23 (1).pdf
HDT-23-S07,Hadith,Hadith-23,23,7,hadith_text,Hadith 25,"Hadith 25
‫ﺴ‬ ‫ﺣ‬ ‫ﻖ‬ ‫ﻠ‬ ‫ﺤ‬
‫ُ﮲ ُ ٍ َ َ ٍن‬ ‫﮳‬ ِ ‫ﺎس‬
ََ ‫ّ﮲‬ ‫اﻟ‬ ‫ﻖ‬
ِ ِ
‫ﻟ‬ ‫ﺎ‬ ‫ﺣ‬
‫َ﮲‬
“Show lofty manners to all people.”",Hadith 23 (1).pdf
HDT-23-S08,Hadith,Hadith-23,23,8,assignment,Assignment,"Assignment
Memorize all three Hadith
Write the Hadith in Arabic with the english
translation
Write a brief summary of the Hadith",Hadith 23 (1).pdf
HDT-24-S01,Hadith,Hadith-24,24,1,hadith_text,HADITH 24,"HADITH 24
‫﮵‬
‫ﺣﺪ ث‬",Hadith 24.pdf
HDT-24-S02,Hadith,Hadith-24,24,2,narrator,Narrator of this hadith,"Narrator of this hadith
Abu Hurairah RA",Hadith 24.pdf
HDT-24-S03,Hadith,Hadith-24,24,3,hadith_text,Hadith 26,"Hadith 26
ٕ ِ ِ
ٰ‫َﻣﺎ ﮴َ َﻮ َ﮲اﺻ َﻊ َأ َﺣ ٌﺪ ﻟﻠّٰ ﻪ ِا َّﻻ َر َ﮲ َﻌ ُﻪ اﻟ ّﻠُه‬
“None have ever humbled themselves for the sake of Allah,
except that Allah has elevated them.”",Hadith 24.pdf
HDT-24-S04,Hadith,Hadith-24,24,4,narrator,Narrator of this hadith,"Narrator of this hadith
Abu Hurairah RA",Hadith 24.pdf
HDT-24-S05,Hadith,Hadith-24,24,5,hadith_text,Hadith 27,"Hadith 27
‫اﻟﻈ َﮟ َأ ْﻛ َﺬ ُب‬ ٕ
َّ ‫اﻟﻈ َﮟ َ﮲ ِﺎ َّن‬ ‫﮵‬ ٕ
َّ ‫ِا ّﺎ ُﻛ ْﻢ َو‬
ّ‫﮲‬ ّ‫﮲‬
‫﮵‬ ِ
‫ا ْﻟ َﺤﺪ ْﺚ‬
“Beware of suspicion, for suspicion is the worst form of
false speech.”",Hadith 24.pdf
HDT-24-S06,Hadith,Hadith-24,24,6,assignment,Assignment,"Assignment
Memorize both Hadith
Write the Hadith in Arabic with the english
translation
Write a brief summary of the Ahadith",Hadith 24.pdf
HDT-26-S01,Hadith,Hadith-26,26,1,hadith_text,HADITH 26,"HADITH 26
‫﮵‬
‫ﺣﺪ ث‬",Hadith 26.pdf
HDT-26-S02,Hadith,Hadith-26,26,2,narrator,Narrator of this hadith,"Narrator of this hadith
Abdullah bin Amr RA",Hadith 26.pdf
HDT-26-S03,Hadith,Hadith-26,26,3,hadith_text,Hadith 31,"Hadith 31
‫ِم‬
‫اَل ُيؤ َأ َح ُد ُك م َح َّتى َيُك و َه َو ُها‬
‫َن‬ ‫ُن‬
‫َ ﮳ﻌﺎ ِﻟﻤﺎ ِ﮳ﺣ ﺖ ِ﮳ِه‬
ُ ٔ َ ًَ‫﮴‬
“None of you will truly believe until his desires are in
accordance with what I have brought.”",Hadith 26.pdf
HDT-26-S04,Hadith,Hadith-26,26,4,narrator,Narrator of this hadith,"Narrator of this hadith
Abu Saeed Al-Khudri RA",Hadith 26.pdf
HDT-26-S05,Hadith,Hadith-26,26,5,hadith_text,Hadith 32,"Hadith 32
‫ٍة‬ ‫ِف‬ ‫ِم‬
، ‫ َو َع َل ي ُس َّن‬،‫َم َأ َلَك َط ِّيًبا‬
‫ْن‬
‫﮳‬
‫اﻟﺤ‬ ‫ﻞ‬‫ﺣ‬ ‫د‬ ‫ﻪ‬ ِ ‫ا‬‫ﻮ‬ ‫﮳‬ ‫ﺎس‬ ‫اﻟ‬
‫َ َ َّ﮲ ُ َ َ ٔ ﮴َ ُ َ َ﮲ َ َ َّ﮲َة‬ ‫ﮟ‬ ‫ﻣ‬ِ ‫أ‬َ ‫و‬
‫﮲‬
“Whoever eats pure, and acts according to the Sunnah,
and the people are protected from his evil deeds, will
enter paradise.”",Hadith 26.pdf
HDT-26-S06,Hadith,Hadith-26,26,6,narrator,Narrator of this hadith,"Narrator of this hadith
Abu Hurairah RA",Hadith 26.pdf
HDT-26-S07,Hadith,Hadith-26,26,7,hadith_text,Hadith 33,"Hadith 33
‫ َو َس َيُع ْو ُد َك َم ا‬،‫َبَد َأ اِإْل ْس اَل ُم َغ ِرْيََبا‬
‫﮳‬ ِ ‫﮳‬
‫ َ﮲ ُﻄ ْﻮ َﻰ ﻟ ْﻠ ُ﮲ﻌ َﺮ َاء‬،‫َ َﺪ َأ‬ ‫﮳‬
“Islam started as something strange, and it will return to
being how it started, so glad tidings be to the strangers.”",Hadith 26.pdf
HDT-26-S08,Hadith,Hadith-26,26,8,assignment,Assignment,"Assignment
Memorize all three Hadith
Learn the Translation",Hadith 26.pdf
HDT-27-S01,Hadith,Hadith-27,27,1,hadith_text,HADITH 27,"HADITH 27
‫﮵‬
‫ﺣﺪ ث‬",Hadith 27.pdf
HDT-27-S02,Hadith,Hadith-27,27,2,narrator,Narrator of this hadith,"Narrator of this hadith
Abdullah bin Amr RA",Hadith 27.pdf
HDT-27-S03,Hadith,Hadith-27,27,3,hadith_text,Hadith 34,"Hadith 34
‫﮳ ِّﻠ ُﻌﻮا َﻋ ِّ ﮵ﻰ َو َﻟﻮ ٓأ ََة﮵‬
َ ْ ‫ْ﮲‬ ْ ‫َ ﮲‬
“Convey from me, even if it is just one verse.”",Hadith 27.pdf
HDT-27-S04,Hadith,Hadith-27,27,4,narrator,Narrator of this hadith,"Narrator of this hadith
Abu Mas’ood Al Ansari RA",Hadith 27.pdf
HDT-27-S05,Hadith,Hadith-27,27,5,hadith_text,Hadith 35,"Hadith 35
‫َأ‬ ‫ِم‬ ، ‫ى‬ ‫َّل‬
‫َم ْن َد َع َل َخ ْيٍر َف َل ُه ْثُل ْج ِر‬
‫َ﮲ ِﺎﻋ ِﻠِه‬
“Whoever guides someone to good will have a reward
equal to that of the one who does it.”",Hadith 27.pdf
HDT-27-S06,Hadith,Hadith-27,27,6,narrator,Narrator of this hadith,"Narrator of this hadith
Uthman ibn Affan RA",Hadith 27.pdf
HDT-27-S07,Hadith,Hadith-27,27,7,hadith_text,Hadith 36,"Hadith 36
‫ﻤ‬ َ
‫ﻠ‬ ّ ‫ﻋ‬
َ ‫و‬ ‫ن‬‫أ‬ٓ ‫ﺮ‬ ُ ‫ﻟ‬
ْ ‫ا‬ ‫ﻢ‬‫ﻠ‬َ ّ ‫ﻌ‬َ ‫ﮟ‬‫ﻣ‬ ‫ﻢ‬‫ﻛ‬ُ ‫ﺮ‬ ‫﮵‬ ‫ﺣ‬
َ
‫﮲ ْ ُ ْ َ ْ﮲ ﮴ َ َ ﮴ ْ َ َ َ ُه‬
“The best among you are those who learn the Quran and
teach it.”",Hadith 27.pdf
HDT-27-S08,Hadith,Hadith-27,27,8,assignment,Assignment,"Assignment
Memorize all three Hadith
Learn the Translation",Hadith 27.pdf
